Timestamp,Run,ID,PhraseA,PhraseB,Prompt,RawOutput
2026-02-07 22:46:55,3,1,have_evident_no_one_give_key_on_late_check-in,easy_check-in,"Is phrase B contrary to phrase A? Answer exactly 'Yes' or 'No' only.
No explanations.

[Question] Phrase B is easy_check-in. Phrase A is have_evident_no_one_give_key_on_late_check-in.",Yes
2026-02-07 22:46:56,3,2,have_evident_no_one_give_key_on_late_check-in,clear_instruction_to_access_room,"Is phrase B contrary to phrase A? Answer exactly 'Yes' or 'No' only.
No explanations.

[Question] Phrase B is clear_instruction_to_access_room. Phrase A is have_evident_no_one_give_key_on_late_check-in.",No
2026-02-07 22:46:56,3,3,have_evident_no_one_give_key_on_late_check-in,clear_instruction_to_enter_hotel,"Is phrase B contrary to phrase A? Answer exactly 'Yes' or 'No' only.
No explanations.

[Question] Phrase B is clear_instruction_to_enter_hotel. Phrase A is have_evident_no_one_give_key_on_late_check-in.",Yes
2026-02-07 22:46:57,3,4,have_evident_no_one_give_key_on_late_check-in,sent_instruction_in_advance,"Is phrase B contrary to phrase A? Answer exactly 'Yes' or 'No' only.
No explanations.

[Question] Phrase B is sent_instruction_in_advance. Phrase A is have_evident_no_one_give_key_on_late_check-in.",No
2026-02-07 22:46:59,3,5,have_evident_no_one_give_key_on_late_check-in,perfect_instruction,"Is phrase B contrary to phrase A? Answer exactly 'Yes' or 'No' only.
No explanations.

[Question] Phrase B is perfect_instruction. Phrase A is have_evident_no_one_give_key_on_late_check-in.",No
2026-02-07 22:47:00,3,6,have_evident_no_one_give_key_on_late_check-in,easy_late_night_check-in,"Is phrase B contrary to phrase A? Answer exactly 'Yes' or 'No' only.
No explanations.

[Question] Phrase B is easy_late_night_check-in. Phrase A is have_evident_no_one_give_key_on_late_check-in.",Yes
2026-02-07 22:47:01,3,7,have_evident_no_one_give_key_on_late_check-in,comfortable_late_night_check-in,"Is phrase B contrary to phrase A? Answer exactly 'Yes' or 'No' only.
No explanations.

[Question] Phrase B is comfortable_late_night_check-in. Phrase A is have_evident_no_one_give_key_on_late_check-in.",Yes
2026-02-07 22:47:02,3,8,have_evident_no_one_give_key_on_late_check-in,easy_self_check-in,"Is phrase B contrary to phrase A? Answer exactly 'Yes' or 'No' only.
No explanations.

[Question] Phrase B is easy_self_check-in. Phrase A is have_evident_no_one_give_key_on_late_check-in.",Yes
2026-02-07 22:47:02,3,9,have_evident_no_one_give_key_on_late_check-in,quick_check-in,"Is phrase B contrary to phrase A? Answer exactly 'Yes' or 'No' only.
No explanations.

[Question] Phrase B is quick_check-in. Phrase A is have_evident_no_one_give_key_on_late_check-in.",Yes
2026-02-07 22:47:03,3,10,have_evident_no_one_give_key_on_late_check-in,easy_check-in_at_3am,"Is phrase B contrary to phrase A? Answer exactly 'Yes' or 'No' only.
No explanations.

[Question] Phrase B is easy_check-in_at_3am. Phrase A is have_evident_no_one_give_key_on_late_check-in.",Yes
2026-02-07 22:47:04,3,11,have_evident_no_one_give_key_on_late_check-in,staff_accommodated_arrival_at_3am,"Is phrase B contrary to phrase A? Answer exactly 'Yes' or 'No' only.
No explanations.

[Question] Phrase B is staff_accommodated_arrival_at_3am. Phrase A is have_evident_no_one_give_key_on_late_check-in.",Yes
2026-02-07 22:47:05,3,12,have_evident_no_one_give_key_on_late_check-in,clear_instruction,"Is phrase B contrary to phrase A? Answer exactly 'Yes' or 'No' only.
No explanations.

[Question] Phrase B is clear_instruction. Phrase A is have_evident_no_one_give_key_on_late_check-in.",No
2026-02-07 22:47:06,3,13,have_evident_no_one_give_key_on_late_check-in,late_chek-in_at_1am_worked_well,"Is phrase B contrary to phrase A? Answer exactly 'Yes' or 'No' only.
No explanations.

[Question] Phrase B is late_chek-in_at_1am_worked_well. Phrase A is have_evident_no_one_give_key_on_late_check-in.",Yes
2026-02-07 22:47:07,3,14,have_evident_no_one_give_key_on_late_check-in,hotel_make_sure_to_check-in_at_late_night,"Is phrase B contrary to phrase A? Answer exactly 'Yes' or 'No' only.
No explanations.

[Question] Phrase B is hotel_make_sure_to_check-in_at_late_night. Phrase A is have_evident_no_one_give_key_on_late_check-in.",Yes
2026-02-07 22:47:08,3,15,have_evident_no_one_give_key_on_late_check-in,excellent communication_on_late_check-in_process,"Is phrase B contrary to phrase A? Answer exactly 'Yes' or 'No' only.
No explanations.

[Question] Phrase B is excellent communication_on_late_check-in_process. Phrase A is have_evident_no_one_give_key_on_late_check-in.",Yes
2026-02-07 22:47:09,3,16,have_evident_no_one_give_key_on_late_check-in,staff_aware_late_arraival,"Is phrase B contrary to phrase A? Answer exactly 'Yes' or 'No' only.
No explanations.

[Question] Phrase B is staff_aware_late_arraival. Phrase A is have_evident_no_one_give_key_on_late_check-in.",No
2026-02-07 22:47:10,3,17,have_evident_no_one_give_key_on_late_check-in,staff_make_late_check-in_simple,"Is phrase B contrary to phrase A? Answer exactly 'Yes' or 'No' only.
No explanations.

[Question] Phrase B is staff_make_late_check-in_simple. Phrase A is have_evident_no_one_give_key_on_late_check-in.",No
2026-02-07 22:47:11,3,18,have_evident_no_one_give_key_on_late_check-in,got_self_check-in_instruction_on_late_arrival,"Is phrase B contrary to phrase A? Answer exactly 'Yes' or 'No' only.
No explanations.

[Question] Phrase B is got_self_check-in_instruction_on_late_arrival. Phrase A is have_evident_no_one_give_key_on_late_check-in.",Yes
2026-02-07 22:47:12,3,19,have_evident_no_one_give_key_on_late_check-in,staff_allow_early_check-in_in_morning,"Is phrase B contrary to phrase A? Answer exactly 'Yes' or 'No' only.
No explanations.

[Question] Phrase B is staff_allow_early_check-in_in_morning. Phrase A is have_evident_no_one_give_key_on_late_check-in.",No
2026-02-07 22:47:13,3,20,have_evident_no_one_give_key_on_late_check-in,late_night_arrival_no_problem,"Is phrase B contrary to phrase A? Answer exactly 'Yes' or 'No' only.
No explanations.

[Question] Phrase B is late_night_arrival_no_problem. Phrase A is have_evident_no_one_give_key_on_late_check-in.",Yes
2026-02-07 22:47:14,3,21,have_evident_no_one_give_key_on_late_check-in,fast_check-in,"Is phrase B contrary to phrase A? Answer exactly 'Yes' or 'No' only.
No explanations.

[Question] Phrase B is fast_check-in. Phrase A is have_evident_no_one_give_key_on_late_check-in.",No
2026-02-07 22:47:15,3,22,have_evident_no_one_give_key_on_late_check-in,quick_check-in_at_night,"Is phrase B contrary to phrase A? Answer exactly 'Yes' or 'No' only.
No explanations.

[Question] Phrase B is quick_check-in_at_night. Phrase A is have_evident_no_one_give_key_on_late_check-in.",Yes
2026-02-07 22:47:16,3,23,have_evident_no_one_give_key_on_late_check-in,room_ready_to_check-in_by_12,"Is phrase B contrary to phrase A? Answer exactly 'Yes' or 'No' only.
No explanations.

[Question] Phrase B is room_ready_to_check-in_by_12. Phrase A is have_evident_no_one_give_key_on_late_check-in.",No
2026-02-07 22:47:17,3,24,have_evident_no_one_give_key_on_late_check-in,clear_check-in_direction_at_late_night,"Is phrase B contrary to phrase A? Answer exactly 'Yes' or 'No' only.
No explanations.

[Question] Phrase B is clear_check-in_direction_at_late_night. Phrase A is have_evident_no_one_give_key_on_late_check-in.",Yes
2026-02-07 22:47:18,3,25,have_evident_no_one_give_key_on_late_check-in,easy_check-in_direction_at_late_night,"Is phrase B contrary to phrase A? Answer exactly 'Yes' or 'No' only.
No explanations.

[Question] Phrase B is easy_check-in_direction_at_late_night. Phrase A is have_evident_no_one_give_key_on_late_check-in.",Yes
2026-02-07 22:47:19,3,26,have_evident_no_one_give_key_on_late_check-in,can_move_in_early,"Is phrase B contrary to phrase A? Answer exactly 'Yes' or 'No' only.
No explanations.

[Question] Phrase B is can_move_in_early. Phrase A is have_evident_no_one_give_key_on_late_check-in.",Yes
2026-02-07 22:47:20,3,27,have_evident_no_one_give_key_on_late_check-in,no_problem_self_check-in_at_middle_night,"Is phrase B contrary to phrase A? Answer exactly 'Yes' or 'No' only.
No explanations.

[Question] Phrase B is no_problem_self_check-in_at_middle_night. Phrase A is have_evident_no_one_give_key_on_late_check-in.",Yes
2026-02-07 22:47:23,3,28,have_evident_no_one_give_key_on_late_check-in,no_problem_check-in_after_12_at_night,"Is phrase B contrary to phrase A? Answer exactly 'Yes' or 'No' only.
No explanations.

[Question] Phrase B is no_problem_check-in_after_12_at_night. Phrase A is have_evident_no_one_give_key_on_late_check-in.",Yes
2026-02-07 22:47:24,3,29,have_evident_no_one_give_key_on_late_check-in,staff_help_check-in_after_midnight,"Is phrase B contrary to phrase A? Answer exactly 'Yes' or 'No' only.
No explanations.

[Question] Phrase B is staff_help_check-in_after_midnight. Phrase A is have_evident_no_one_give_key_on_late_check-in.",Yes
2026-02-07 22:47:27,3,30,have_evident_no_one_give_key_on_late_check-in,easy_self_check-in_at_night,"Is phrase B contrary to phrase A? Answer exactly 'Yes' or 'No' only.
No explanations.

[Question] Phrase B is easy_self_check-in_at_night. Phrase A is have_evident_no_one_give_key_on_late_check-in.",Yes
2026-02-07 22:47:28,3,31,have_evident_no_one_give_key_on_late_check-in,staff_left_clear_information_for_arrival,"Is phrase B contrary to phrase A? Answer exactly 'Yes' or 'No' only.
No explanations.

[Question] Phrase B is staff_left_clear_information_for_arrival. Phrase A is have_evident_no_one_give_key_on_late_check-in.",Yes
2026-02-07 22:47:29,3,32,have_evident_no_one_give_key_on_late_check-in,staff_left_precise_information_for_arrival,"Is phrase B contrary to phrase A? Answer exactly 'Yes' or 'No' only.
No explanations.

[Question] Phrase B is staff_left_precise_information_for_arrival. Phrase A is have_evident_no_one_give_key_on_late_check-in.",No
2026-02-07 22:47:30,3,33,have_evident_no_one_give_key_on_late_check-in,staff_send_photo_for_arrival,"Is phrase B contrary to phrase A? Answer exactly 'Yes' or 'No' only.
No explanations.

[Question] Phrase B is staff_send_photo_for_arrival. Phrase A is have_evident_no_one_give_key_on_late_check-in.",No
2026-02-07 22:47:31,3,34,have_evident_no_one_give_key_on_late_check-in,staff_take_care_late_check-in,"Is phrase B contrary to phrase A? Answer exactly 'Yes' or 'No' only.
No explanations.

[Question] Phrase B is staff_take_care_late_check-in. Phrase A is have_evident_no_one_give_key_on_late_check-in.",Yes
2026-02-07 22:47:32,3,35,have_evident_no_one_give_key_on_late_check-in,fluid_check-in,"Is phrase B contrary to phrase A? Answer exactly 'Yes' or 'No' only.
No explanations.

[Question] Phrase B is fluid_check-in. Phrase A is have_evident_no_one_give_key_on_late_check-in.",Yes
2026-02-07 22:47:33,3,36,have_evident_no_one_give_key_on_late_check-in,staff_wait_for_check-in_at_3am,"Is phrase B contrary to phrase A? Answer exactly 'Yes' or 'No' only.
No explanations.

[Question] Phrase B is staff_wait_for_check-in_at_3am. Phrase A is have_evident_no_one_give_key_on_late_check-in.",Yes
2026-02-07 22:47:34,3,37,have_evident_no_one_give_key_on_late_check-in,staff_give_early_check-in,"Is phrase B contrary to phrase A? Answer exactly 'Yes' or 'No' only.
No explanations.

[Question] Phrase B is staff_give_early_check-in. Phrase A is have_evident_no_one_give_key_on_late_check-in.",No
2026-02-07 22:47:35,3,38,have_evident_no_one_give_key_on_late_check-in,late_arrival_no_extra_cost,"Is phrase B contrary to phrase A? Answer exactly 'Yes' or 'No' only.
No explanations.

[Question] Phrase B is late_arrival_no_extra_cost. Phrase A is have_evident_no_one_give_key_on_late_check-in.",Yes
2026-02-07 22:47:36,3,39,have_evident_no_one_give_key_on_late_check-in,hotel_allow_late_arrival,"Is phrase B contrary to phrase A? Answer exactly 'Yes' or 'No' only.
No explanations.

[Question] Phrase B is hotel_allow_late_arrival. Phrase A is have_evident_no_one_give_key_on_late_check-in.",Yes
2026-02-07 22:47:37,3,40,have_evident_no_one_give_key_on_late_check-in,perfect_welcome_at_4am_arrival,"Is phrase B contrary to phrase A? Answer exactly 'Yes' or 'No' only.
No explanations.

[Question] Phrase B is perfect_welcome_at_4am_arrival. Phrase A is have_evident_no_one_give_key_on_late_check-in.",Yes
2026-02-07 22:47:38,3,41,have_evident_no_one_give_key_on_late_check-in,perfect_welcome_at_1:30am_in_morning,"Is phrase B contrary to phrase A? Answer exactly 'Yes' or 'No' only.
No explanations.

[Question] Phrase B is perfect_welcome_at_1:30am_in_morning. Phrase A is have_evident_no_one_give_key_on_late_check-in.",Yes
2026-02-07 22:47:39,3,42,have_evident_no_one_give_key_on_late_check-in,can_check-in_at_4am,"Is phrase B contrary to phrase A? Answer exactly 'Yes' or 'No' only.
No explanations.

[Question] Phrase B is can_check-in_at_4am. Phrase A is have_evident_no_one_give_key_on_late_check-in.",Yes
2026-02-07 22:47:40,3,43,have_evident_door_lock_on_late_check-in,easy_check-in,"Is phrase B contrary to phrase A? Answer exactly 'Yes' or 'No' only.
No explanations.

[Question] Phrase B is easy_check-in. Phrase A is have_evident_door_lock_on_late_check-in.",No
2026-02-07 22:47:41,3,44,have_evident_door_lock_on_late_check-in,clear_instruction_to_access_room,"Is phrase B contrary to phrase A? Answer exactly 'Yes' or 'No' only.
No explanations.

[Question] Phrase B is clear_instruction_to_access_room. Phrase A is have_evident_door_lock_on_late_check-in.",No
2026-02-07 22:47:42,3,45,have_evident_door_lock_on_late_check-in,clear_instruction_to_enter_hotel,"Is phrase B contrary to phrase A? Answer exactly 'Yes' or 'No' only.
No explanations.

[Question] Phrase B is clear_instruction_to_enter_hotel. Phrase A is have_evident_door_lock_on_late_check-in.",No
2026-02-07 22:47:42,3,46,have_evident_door_lock_on_late_check-in,sent_instruction_in_advance,"Is phrase B contrary to phrase A? Answer exactly 'Yes' or 'No' only.
No explanations.

[Question] Phrase B is sent_instruction_in_advance. Phrase A is have_evident_door_lock_on_late_check-in.",No
2026-02-07 22:47:43,3,47,have_evident_door_lock_on_late_check-in,perfect_instruction,"Is phrase B contrary to phrase A? Answer exactly 'Yes' or 'No' only.
No explanations.

[Question] Phrase B is perfect_instruction. Phrase A is have_evident_door_lock_on_late_check-in.",No
2026-02-07 22:47:44,3,48,have_evident_door_lock_on_late_check-in,easy_late_night_check-in,"Is phrase B contrary to phrase A? Answer exactly 'Yes' or 'No' only.
No explanations.

[Question] Phrase B is easy_late_night_check-in. Phrase A is have_evident_door_lock_on_late_check-in.",No
2026-02-07 22:47:45,3,49,have_evident_door_lock_on_late_check-in,comfortable_late_night_check-in,"Is phrase B contrary to phrase A? Answer exactly 'Yes' or 'No' only.
No explanations.

[Question] Phrase B is comfortable_late_night_check-in. Phrase A is have_evident_door_lock_on_late_check-in.",No
2026-02-07 22:47:46,3,50,have_evident_door_lock_on_late_check-in,easy_self_check-in,"Is phrase B contrary to phrase A? Answer exactly 'Yes' or 'No' only.
No explanations.

[Question] Phrase B is easy_self_check-in. Phrase A is have_evident_door_lock_on_late_check-in.",No
2026-02-07 22:47:47,3,51,have_evident_door_lock_on_late_check-in,quick_check-in,"Is phrase B contrary to phrase A? Answer exactly 'Yes' or 'No' only.
No explanations.

[Question] Phrase B is quick_check-in. Phrase A is have_evident_door_lock_on_late_check-in.",No
2026-02-07 22:47:48,3,52,have_evident_door_lock_on_late_check-in,easy_check-in_at_3am,"Is phrase B contrary to phrase A? Answer exactly 'Yes' or 'No' only.
No explanations.

[Question] Phrase B is easy_check-in_at_3am. Phrase A is have_evident_door_lock_on_late_check-in.",No
2026-02-07 22:47:49,3,53,have_evident_door_lock_on_late_check-in,staff_accommodated_arrival_at_3am,"Is phrase B contrary to phrase A? Answer exactly 'Yes' or 'No' only.
No explanations.

[Question] Phrase B is staff_accommodated_arrival_at_3am. Phrase A is have_evident_door_lock_on_late_check-in.",No
2026-02-07 22:47:50,3,54,have_evident_door_lock_on_late_check-in,clear_instruction,"Is phrase B contrary to phrase A? Answer exactly 'Yes' or 'No' only.
No explanations.

[Question] Phrase B is clear_instruction. Phrase A is have_evident_door_lock_on_late_check-in.",No
2026-02-07 22:47:51,3,55,have_evident_door_lock_on_late_check-in,late_chek-in_at_1am_worked_well,"Is phrase B contrary to phrase A? Answer exactly 'Yes' or 'No' only.
No explanations.

[Question] Phrase B is late_chek-in_at_1am_worked_well. Phrase A is have_evident_door_lock_on_late_check-in.",No
2026-02-07 22:47:52,3,56,have_evident_door_lock_on_late_check-in,hotel_make_sure_to_check-in_at_late_night,"Is phrase B contrary to phrase A? Answer exactly 'Yes' or 'No' only.
No explanations.

[Question] Phrase B is hotel_make_sure_to_check-in_at_late_night. Phrase A is have_evident_door_lock_on_late_check-in.",No
2026-02-07 22:47:53,3,57,have_evident_door_lock_on_late_check-in,excellent communication_on_late_check-in_process,"Is phrase B contrary to phrase A? Answer exactly 'Yes' or 'No' only.
No explanations.

[Question] Phrase B is excellent communication_on_late_check-in_process. Phrase A is have_evident_door_lock_on_late_check-in.",No
2026-02-07 22:47:53,3,58,have_evident_door_lock_on_late_check-in,staff_aware_late_arraival,"Is phrase B contrary to phrase A? Answer exactly 'Yes' or 'No' only.
No explanations.

[Question] Phrase B is staff_aware_late_arraival. Phrase A is have_evident_door_lock_on_late_check-in.",No
2026-02-07 22:47:54,3,59,have_evident_door_lock_on_late_check-in,staff_make_late_check-in_simple,"Is phrase B contrary to phrase A? Answer exactly 'Yes' or 'No' only.
No explanations.

[Question] Phrase B is staff_make_late_check-in_simple. Phrase A is have_evident_door_lock_on_late_check-in.",No
2026-02-07 22:47:55,3,60,have_evident_door_lock_on_late_check-in,got_self_check-in_instruction_on_late_arrival,"Is phrase B contrary to phrase A? Answer exactly 'Yes' or 'No' only.
No explanations.

[Question] Phrase B is got_self_check-in_instruction_on_late_arrival. Phrase A is have_evident_door_lock_on_late_check-in.",No
2026-02-07 22:47:57,3,61,have_evident_door_lock_on_late_check-in,staff_allow_early_check-in_in_morning,"Is phrase B contrary to phrase A? Answer exactly 'Yes' or 'No' only.
No explanations.

[Question] Phrase B is staff_allow_early_check-in_in_morning. Phrase A is have_evident_door_lock_on_late_check-in.",No
2026-02-07 22:47:57,3,62,have_evident_door_lock_on_late_check-in,late_night_arrival_no_problem,"Is phrase B contrary to phrase A? Answer exactly 'Yes' or 'No' only.
No explanations.

[Question] Phrase B is late_night_arrival_no_problem. Phrase A is have_evident_door_lock_on_late_check-in.",No
2026-02-07 22:47:58,3,63,have_evident_door_lock_on_late_check-in,fast_check-in,"Is phrase B contrary to phrase A? Answer exactly 'Yes' or 'No' only.
No explanations.

[Question] Phrase B is fast_check-in. Phrase A is have_evident_door_lock_on_late_check-in.",No
2026-02-07 22:47:59,3,64,have_evident_door_lock_on_late_check-in,quick_check-in_at_night,"Is phrase B contrary to phrase A? Answer exactly 'Yes' or 'No' only.
No explanations.

[Question] Phrase B is quick_check-in_at_night. Phrase A is have_evident_door_lock_on_late_check-in.",No
2026-02-07 22:48:00,3,65,have_evident_door_lock_on_late_check-in,room_ready_to_check-in_by_12,"Is phrase B contrary to phrase A? Answer exactly 'Yes' or 'No' only.
No explanations.

[Question] Phrase B is room_ready_to_check-in_by_12. Phrase A is have_evident_door_lock_on_late_check-in.",No
2026-02-07 22:48:01,3,66,have_evident_door_lock_on_late_check-in,clear_check-in_direction_at_late_night,"Is phrase B contrary to phrase A? Answer exactly 'Yes' or 'No' only.
No explanations.

[Question] Phrase B is clear_check-in_direction_at_late_night. Phrase A is have_evident_door_lock_on_late_check-in.",No
2026-02-07 22:48:02,3,67,have_evident_door_lock_on_late_check-in,easy_check-in_direction_at_late_night,"Is phrase B contrary to phrase A? Answer exactly 'Yes' or 'No' only.
No explanations.

[Question] Phrase B is easy_check-in_direction_at_late_night. Phrase A is have_evident_door_lock_on_late_check-in.",No
2026-02-07 22:48:03,3,68,have_evident_door_lock_on_late_check-in,can_move_in_early,"Is phrase B contrary to phrase A? Answer exactly 'Yes' or 'No' only.
No explanations.

[Question] Phrase B is can_move_in_early. Phrase A is have_evident_door_lock_on_late_check-in.",No
2026-02-07 22:48:04,3,69,have_evident_door_lock_on_late_check-in,no_problem_self_check-in_at_middle_night,"Is phrase B contrary to phrase A? Answer exactly 'Yes' or 'No' only.
No explanations.

[Question] Phrase B is no_problem_self_check-in_at_middle_night. Phrase A is have_evident_door_lock_on_late_check-in.",No
2026-02-07 22:48:05,3,70,have_evident_door_lock_on_late_check-in,no_problem_check-in_after_12_at_night,"Is phrase B contrary to phrase A? Answer exactly 'Yes' or 'No' only.
No explanations.

[Question] Phrase B is no_problem_check-in_after_12_at_night. Phrase A is have_evident_door_lock_on_late_check-in.",No
2026-02-07 22:48:06,3,71,have_evident_door_lock_on_late_check-in,staff_help_check-in_after_midnight,"Is phrase B contrary to phrase A? Answer exactly 'Yes' or 'No' only.
No explanations.

[Question] Phrase B is staff_help_check-in_after_midnight. Phrase A is have_evident_door_lock_on_late_check-in.",No
2026-02-07 22:48:07,3,72,have_evident_door_lock_on_late_check-in,easy_self_check-in_at_night,"Is phrase B contrary to phrase A? Answer exactly 'Yes' or 'No' only.
No explanations.

[Question] Phrase B is easy_self_check-in_at_night. Phrase A is have_evident_door_lock_on_late_check-in.",No
2026-02-07 22:48:08,3,73,have_evident_door_lock_on_late_check-in,staff_left_clear_information_for_arrival,"Is phrase B contrary to phrase A? Answer exactly 'Yes' or 'No' only.
No explanations.

[Question] Phrase B is staff_left_clear_information_for_arrival. Phrase A is have_evident_door_lock_on_late_check-in.",No
2026-02-07 22:48:09,3,74,have_evident_door_lock_on_late_check-in,staff_left_precise_information_for_arrival,"Is phrase B contrary to phrase A? Answer exactly 'Yes' or 'No' only.
No explanations.

[Question] Phrase B is staff_left_precise_information_for_arrival. Phrase A is have_evident_door_lock_on_late_check-in.",No
2026-02-07 22:48:10,3,75,have_evident_door_lock_on_late_check-in,staff_send_photo_for_arrival,"Is phrase B contrary to phrase A? Answer exactly 'Yes' or 'No' only.
No explanations.

[Question] Phrase B is staff_send_photo_for_arrival. Phrase A is have_evident_door_lock_on_late_check-in.",No
2026-02-07 22:48:11,3,76,have_evident_door_lock_on_late_check-in,staff_take_care_late_check-in,"Is phrase B contrary to phrase A? Answer exactly 'Yes' or 'No' only.
No explanations.

[Question] Phrase B is staff_take_care_late_check-in. Phrase A is have_evident_door_lock_on_late_check-in.",No
2026-02-07 22:48:11,3,77,have_evident_door_lock_on_late_check-in,fluid_check-in,"Is phrase B contrary to phrase A? Answer exactly 'Yes' or 'No' only.
No explanations.

[Question] Phrase B is fluid_check-in. Phrase A is have_evident_door_lock_on_late_check-in.",No
2026-02-07 22:48:12,3,78,have_evident_door_lock_on_late_check-in,staff_wait_for_check-in_at_3am,"Is phrase B contrary to phrase A? Answer exactly 'Yes' or 'No' only.
No explanations.

[Question] Phrase B is staff_wait_for_check-in_at_3am. Phrase A is have_evident_door_lock_on_late_check-in.",No
2026-02-07 22:48:13,3,79,have_evident_door_lock_on_late_check-in,staff_give_early_check-in,"Is phrase B contrary to phrase A? Answer exactly 'Yes' or 'No' only.
No explanations.

[Question] Phrase B is staff_give_early_check-in. Phrase A is have_evident_door_lock_on_late_check-in.",No
2026-02-07 22:48:14,3,80,have_evident_door_lock_on_late_check-in,late_arrival_no_extra_cost,"Is phrase B contrary to phrase A? Answer exactly 'Yes' or 'No' only.
No explanations.

[Question] Phrase B is late_arrival_no_extra_cost. Phrase A is have_evident_door_lock_on_late_check-in.",No
2026-02-07 22:48:15,3,81,have_evident_door_lock_on_late_check-in,hotel_allow_late_arrival,"Is phrase B contrary to phrase A? Answer exactly 'Yes' or 'No' only.
No explanations.

[Question] Phrase B is hotel_allow_late_arrival. Phrase A is have_evident_door_lock_on_late_check-in.",No
2026-02-07 22:48:16,3,82,have_evident_door_lock_on_late_check-in,perfect_welcome_at_4am_arrival,"Is phrase B contrary to phrase A? Answer exactly 'Yes' or 'No' only.
No explanations.

[Question] Phrase B is perfect_welcome_at_4am_arrival. Phrase A is have_evident_door_lock_on_late_check-in.",No
2026-02-07 22:48:17,3,83,have_evident_door_lock_on_late_check-in,perfect_welcome_at_1:30am_in_morning,"Is phrase B contrary to phrase A? Answer exactly 'Yes' or 'No' only.
No explanations.

[Question] Phrase B is perfect_welcome_at_1:30am_in_morning. Phrase A is have_evident_door_lock_on_late_check-in.",No
2026-02-07 22:48:18,3,84,have_evident_door_lock_on_late_check-in,can_check-in_at_4am,"Is phrase B contrary to phrase A? Answer exactly 'Yes' or 'No' only.
No explanations.

[Question] Phrase B is can_check-in_at_4am. Phrase A is have_evident_door_lock_on_late_check-in.",No
2026-02-07 22:48:19,3,85,have_evident_customer_wait_10_minute_for_greet,easy_check-in,"Is phrase B contrary to phrase A? Answer exactly 'Yes' or 'No' only.
No explanations.

[Question] Phrase B is easy_check-in. Phrase A is have_evident_customer_wait_10_minute_for_greet.",Yes
2026-02-07 22:48:20,3,86,have_evident_customer_wait_10_minute_for_greet,clear_instruction_to_access_room,"Is phrase B contrary to phrase A? Answer exactly 'Yes' or 'No' only.
No explanations.

[Question] Phrase B is clear_instruction_to_access_room. Phrase A is have_evident_customer_wait_10_minute_for_greet.",No
2026-02-07 22:48:20,3,87,have_evident_customer_wait_10_minute_for_greet,clear_instruction_to_enter_hotel,"Is phrase B contrary to phrase A? Answer exactly 'Yes' or 'No' only.
No explanations.

[Question] Phrase B is clear_instruction_to_enter_hotel. Phrase A is have_evident_customer_wait_10_minute_for_greet.",No
2026-02-07 22:48:21,3,88,have_evident_customer_wait_10_minute_for_greet,sent_instruction_in_advance,"Is phrase B contrary to phrase A? Answer exactly 'Yes' or 'No' only.
No explanations.

[Question] Phrase B is sent_instruction_in_advance. Phrase A is have_evident_customer_wait_10_minute_for_greet.",No
2026-02-07 22:48:22,3,89,have_evident_customer_wait_10_minute_for_greet,perfect_instruction,"Is phrase B contrary to phrase A? Answer exactly 'Yes' or 'No' only.
No explanations.

[Question] Phrase B is perfect_instruction. Phrase A is have_evident_customer_wait_10_minute_for_greet.",No
2026-02-07 22:48:23,3,90,have_evident_customer_wait_10_minute_for_greet,easy_late_night_check-in,"Is phrase B contrary to phrase A? Answer exactly 'Yes' or 'No' only.
No explanations.

[Question] Phrase B is easy_late_night_check-in. Phrase A is have_evident_customer_wait_10_minute_for_greet.",No
2026-02-07 22:48:24,3,91,have_evident_customer_wait_10_minute_for_greet,comfortable_late_night_check-in,"Is phrase B contrary to phrase A? Answer exactly 'Yes' or 'No' only.
No explanations.

[Question] Phrase B is comfortable_late_night_check-in. Phrase A is have_evident_customer_wait_10_minute_for_greet.",No
2026-02-07 22:48:25,3,92,have_evident_customer_wait_10_minute_for_greet,easy_self_check-in,"Is phrase B contrary to phrase A? Answer exactly 'Yes' or 'No' only.
No explanations.

[Question] Phrase B is easy_self_check-in. Phrase A is have_evident_customer_wait_10_minute_for_greet.",Yes
2026-02-07 22:48:26,3,93,have_evident_customer_wait_10_minute_for_greet,quick_check-in,"Is phrase B contrary to phrase A? Answer exactly 'Yes' or 'No' only.
No explanations.

[Question] Phrase B is quick_check-in. Phrase A is have_evident_customer_wait_10_minute_for_greet.",Yes
2026-02-07 22:48:27,3,94,have_evident_customer_wait_10_minute_for_greet,easy_check-in_at_3am,"Is phrase B contrary to phrase A? Answer exactly 'Yes' or 'No' only.
No explanations.

[Question] Phrase B is easy_check-in_at_3am. Phrase A is have_evident_customer_wait_10_minute_for_greet.",No
2026-02-07 22:48:28,3,95,have_evident_customer_wait_10_minute_for_greet,staff_accommodated_arrival_at_3am,"Is phrase B contrary to phrase A? Answer exactly 'Yes' or 'No' only.
No explanations.

[Question] Phrase B is staff_accommodated_arrival_at_3am. Phrase A is have_evident_customer_wait_10_minute_for_greet.",No
2026-02-07 22:48:29,3,96,have_evident_customer_wait_10_minute_for_greet,clear_instruction,"Is phrase B contrary to phrase A? Answer exactly 'Yes' or 'No' only.
No explanations.

[Question] Phrase B is clear_instruction. Phrase A is have_evident_customer_wait_10_minute_for_greet.",No
2026-02-07 22:48:30,3,97,have_evident_customer_wait_10_minute_for_greet,late_chek-in_at_1am_worked_well,"Is phrase B contrary to phrase A? Answer exactly 'Yes' or 'No' only.
No explanations.

[Question] Phrase B is late_chek-in_at_1am_worked_well. Phrase A is have_evident_customer_wait_10_minute_for_greet.",No
2026-02-07 22:48:31,3,98,have_evident_customer_wait_10_minute_for_greet,hotel_make_sure_to_check-in_at_late_night,"Is phrase B contrary to phrase A? Answer exactly 'Yes' or 'No' only.
No explanations.

[Question] Phrase B is hotel_make_sure_to_check-in_at_late_night. Phrase A is have_evident_customer_wait_10_minute_for_greet.",No
2026-02-07 22:48:32,3,99,have_evident_customer_wait_10_minute_for_greet,excellent communication_on_late_check-in_process,"Is phrase B contrary to phrase A? Answer exactly 'Yes' or 'No' only.
No explanations.

[Question] Phrase B is excellent communication_on_late_check-in_process. Phrase A is have_evident_customer_wait_10_minute_for_greet.",Yes
2026-02-07 22:48:33,3,100,have_evident_customer_wait_10_minute_for_greet,staff_aware_late_arraival,"Is phrase B contrary to phrase A? Answer exactly 'Yes' or 'No' only.
No explanations.

[Question] Phrase B is staff_aware_late_arraival. Phrase A is have_evident_customer_wait_10_minute_for_greet.",No
2026-02-07 22:48:34,3,101,have_evident_customer_wait_10_minute_for_greet,staff_make_late_check-in_simple,"Is phrase B contrary to phrase A? Answer exactly 'Yes' or 'No' only.
No explanations.

[Question] Phrase B is staff_make_late_check-in_simple. Phrase A is have_evident_customer_wait_10_minute_for_greet.",Yes
2026-02-07 22:48:35,3,102,have_evident_customer_wait_10_minute_for_greet,got_self_check-in_instruction_on_late_arrival,"Is phrase B contrary to phrase A? Answer exactly 'Yes' or 'No' only.
No explanations.

[Question] Phrase B is got_self_check-in_instruction_on_late_arrival. Phrase A is have_evident_customer_wait_10_minute_for_greet.",No
2026-02-07 22:48:36,3,103,have_evident_customer_wait_10_minute_for_greet,staff_allow_early_check-in_in_morning,"Is phrase B contrary to phrase A? Answer exactly 'Yes' or 'No' only.
No explanations.

[Question] Phrase B is staff_allow_early_check-in_in_morning. Phrase A is have_evident_customer_wait_10_minute_for_greet.",No
2026-02-07 22:48:37,3,104,have_evident_customer_wait_10_minute_for_greet,late_night_arrival_no_problem,"Is phrase B contrary to phrase A? Answer exactly 'Yes' or 'No' only.
No explanations.

[Question] Phrase B is late_night_arrival_no_problem. Phrase A is have_evident_customer_wait_10_minute_for_greet.",No
2026-02-07 22:48:37,3,105,have_evident_customer_wait_10_minute_for_greet,fast_check-in,"Is phrase B contrary to phrase A? Answer exactly 'Yes' or 'No' only.
No explanations.

[Question] Phrase B is fast_check-in. Phrase A is have_evident_customer_wait_10_minute_for_greet.",Yes
2026-02-07 22:48:38,3,106,have_evident_customer_wait_10_minute_for_greet,quick_check-in_at_night,"Is phrase B contrary to phrase A? Answer exactly 'Yes' or 'No' only.
No explanations.

[Question] Phrase B is quick_check-in_at_night. Phrase A is have_evident_customer_wait_10_minute_for_greet.",No
2026-02-07 22:48:39,3,107,have_evident_customer_wait_10_minute_for_greet,room_ready_to_check-in_by_12,"Is phrase B contrary to phrase A? Answer exactly 'Yes' or 'No' only.
No explanations.

[Question] Phrase B is room_ready_to_check-in_by_12. Phrase A is have_evident_customer_wait_10_minute_for_greet.",No
2026-02-07 22:48:40,3,108,have_evident_customer_wait_10_minute_for_greet,clear_check-in_direction_at_late_night,"Is phrase B contrary to phrase A? Answer exactly 'Yes' or 'No' only.
No explanations.

[Question] Phrase B is clear_check-in_direction_at_late_night. Phrase A is have_evident_customer_wait_10_minute_for_greet.",No
2026-02-07 22:48:41,3,109,have_evident_customer_wait_10_minute_for_greet,easy_check-in_direction_at_late_night,"Is phrase B contrary to phrase A? Answer exactly 'Yes' or 'No' only.
No explanations.

[Question] Phrase B is easy_check-in_direction_at_late_night. Phrase A is have_evident_customer_wait_10_minute_for_greet.",No
2026-02-07 22:48:43,3,110,have_evident_customer_wait_10_minute_for_greet,can_move_in_early,"Is phrase B contrary to phrase A? Answer exactly 'Yes' or 'No' only.
No explanations.

[Question] Phrase B is can_move_in_early. Phrase A is have_evident_customer_wait_10_minute_for_greet.",No
2026-02-07 22:48:44,3,111,have_evident_customer_wait_10_minute_for_greet,no_problem_self_check-in_at_middle_night,"Is phrase B contrary to phrase A? Answer exactly 'Yes' or 'No' only.
No explanations.

[Question] Phrase B is no_problem_self_check-in_at_middle_night. Phrase A is have_evident_customer_wait_10_minute_for_greet.",Yes
2026-02-07 22:48:45,3,112,have_evident_customer_wait_10_minute_for_greet,no_problem_check-in_after_12_at_night,"Is phrase B contrary to phrase A? Answer exactly 'Yes' or 'No' only.
No explanations.

[Question] Phrase B is no_problem_check-in_after_12_at_night. Phrase A is have_evident_customer_wait_10_minute_for_greet.",No
2026-02-07 22:48:46,3,113,have_evident_customer_wait_10_minute_for_greet,staff_help_check-in_after_midnight,"Is phrase B contrary to phrase A? Answer exactly 'Yes' or 'No' only.
No explanations.

[Question] Phrase B is staff_help_check-in_after_midnight. Phrase A is have_evident_customer_wait_10_minute_for_greet.",No
2026-02-07 22:48:47,3,114,have_evident_customer_wait_10_minute_for_greet,easy_self_check-in_at_night,"Is phrase B contrary to phrase A? Answer exactly 'Yes' or 'No' only.
No explanations.

[Question] Phrase B is easy_self_check-in_at_night. Phrase A is have_evident_customer_wait_10_minute_for_greet.",Yes
2026-02-07 22:48:48,3,115,have_evident_customer_wait_10_minute_for_greet,staff_left_clear_information_for_arrival,"Is phrase B contrary to phrase A? Answer exactly 'Yes' or 'No' only.
No explanations.

[Question] Phrase B is staff_left_clear_information_for_arrival. Phrase A is have_evident_customer_wait_10_minute_for_greet.",No
2026-02-07 22:48:49,3,116,have_evident_customer_wait_10_minute_for_greet,staff_left_precise_information_for_arrival,"Is phrase B contrary to phrase A? Answer exactly 'Yes' or 'No' only.
No explanations.

[Question] Phrase B is staff_left_precise_information_for_arrival. Phrase A is have_evident_customer_wait_10_minute_for_greet.",No
2026-02-07 22:48:50,3,117,have_evident_customer_wait_10_minute_for_greet,staff_send_photo_for_arrival,"Is phrase B contrary to phrase A? Answer exactly 'Yes' or 'No' only.
No explanations.

[Question] Phrase B is staff_send_photo_for_arrival. Phrase A is have_evident_customer_wait_10_minute_for_greet.",No
2026-02-07 22:48:51,3,118,have_evident_customer_wait_10_minute_for_greet,staff_take_care_late_check-in,"Is phrase B contrary to phrase A? Answer exactly 'Yes' or 'No' only.
No explanations.

[Question] Phrase B is staff_take_care_late_check-in. Phrase A is have_evident_customer_wait_10_minute_for_greet.",No
2026-02-07 22:48:52,3,119,have_evident_customer_wait_10_minute_for_greet,fluid_check-in,"Is phrase B contrary to phrase A? Answer exactly 'Yes' or 'No' only.
No explanations.

[Question] Phrase B is fluid_check-in. Phrase A is have_evident_customer_wait_10_minute_for_greet.",No
2026-02-07 22:48:52,3,120,have_evident_customer_wait_10_minute_for_greet,staff_wait_for_check-in_at_3am,"Is phrase B contrary to phrase A? Answer exactly 'Yes' or 'No' only.
No explanations.

[Question] Phrase B is staff_wait_for_check-in_at_3am. Phrase A is have_evident_customer_wait_10_minute_for_greet.",No
2026-02-07 22:48:54,3,121,have_evident_customer_wait_10_minute_for_greet,staff_give_early_check-in,"Is phrase B contrary to phrase A? Answer exactly 'Yes' or 'No' only.
No explanations.

[Question] Phrase B is staff_give_early_check-in. Phrase A is have_evident_customer_wait_10_minute_for_greet.",No
2026-02-07 22:48:55,3,122,have_evident_customer_wait_10_minute_for_greet,late_arrival_no_extra_cost,"Is phrase B contrary to phrase A? Answer exactly 'Yes' or 'No' only.
No explanations.

[Question] Phrase B is late_arrival_no_extra_cost. Phrase A is have_evident_customer_wait_10_minute_for_greet.",No
2026-02-07 22:48:55,3,123,have_evident_customer_wait_10_minute_for_greet,hotel_allow_late_arrival,"Is phrase B contrary to phrase A? Answer exactly 'Yes' or 'No' only.
No explanations.

[Question] Phrase B is hotel_allow_late_arrival. Phrase A is have_evident_customer_wait_10_minute_for_greet.",No
2026-02-07 22:48:56,3,124,have_evident_customer_wait_10_minute_for_greet,perfect_welcome_at_4am_arrival,"Is phrase B contrary to phrase A? Answer exactly 'Yes' or 'No' only.
No explanations.

[Question] Phrase B is perfect_welcome_at_4am_arrival. Phrase A is have_evident_customer_wait_10_minute_for_greet.",No
2026-02-07 22:48:57,3,125,have_evident_customer_wait_10_minute_for_greet,perfect_welcome_at_1:30am_in_morning,"Is phrase B contrary to phrase A? Answer exactly 'Yes' or 'No' only.
No explanations.

[Question] Phrase B is perfect_welcome_at_1:30am_in_morning. Phrase A is have_evident_customer_wait_10_minute_for_greet.",No
2026-02-07 22:48:58,3,126,have_evident_customer_wait_10_minute_for_greet,can_check-in_at_4am,"Is phrase B contrary to phrase A? Answer exactly 'Yes' or 'No' only.
No explanations.

[Question] Phrase B is can_check-in_at_4am. Phrase A is have_evident_customer_wait_10_minute_for_greet.",No
2026-02-07 22:48:59,3,127,have_evident_customer_wait_10_minute_for_check-in,easy_check-in,"Is phrase B contrary to phrase A? Answer exactly 'Yes' or 'No' only.
No explanations.

[Question] Phrase B is easy_check-in. Phrase A is have_evident_customer_wait_10_minute_for_check-in.",Yes
2026-02-07 22:49:00,3,128,have_evident_customer_wait_10_minute_for_check-in,clear_instruction_to_access_room,"Is phrase B contrary to phrase A? Answer exactly 'Yes' or 'No' only.
No explanations.

[Question] Phrase B is clear_instruction_to_access_room. Phrase A is have_evident_customer_wait_10_minute_for_check-in.",No
2026-02-07 22:49:01,3,129,have_evident_customer_wait_10_minute_for_check-in,clear_instruction_to_enter_hotel,"Is phrase B contrary to phrase A? Answer exactly 'Yes' or 'No' only.
No explanations.

[Question] Phrase B is clear_instruction_to_enter_hotel. Phrase A is have_evident_customer_wait_10_minute_for_check-in.",No
2026-02-07 22:49:02,3,130,have_evident_customer_wait_10_minute_for_check-in,sent_instruction_in_advance,"Is phrase B contrary to phrase A? Answer exactly 'Yes' or 'No' only.
No explanations.

[Question] Phrase B is sent_instruction_in_advance. Phrase A is have_evident_customer_wait_10_minute_for_check-in.",No
2026-02-07 22:49:03,3,131,have_evident_customer_wait_10_minute_for_check-in,perfect_instruction,"Is phrase B contrary to phrase A? Answer exactly 'Yes' or 'No' only.
No explanations.

[Question] Phrase B is perfect_instruction. Phrase A is have_evident_customer_wait_10_minute_for_check-in.",No
2026-02-07 22:49:04,3,132,have_evident_customer_wait_10_minute_for_check-in,easy_late_night_check-in,"Is phrase B contrary to phrase A? Answer exactly 'Yes' or 'No' only.
No explanations.

[Question] Phrase B is easy_late_night_check-in. Phrase A is have_evident_customer_wait_10_minute_for_check-in.",No
2026-02-07 22:49:05,3,133,have_evident_customer_wait_10_minute_for_check-in,comfortable_late_night_check-in,"Is phrase B contrary to phrase A? Answer exactly 'Yes' or 'No' only.
No explanations.

[Question] Phrase B is comfortable_late_night_check-in. Phrase A is have_evident_customer_wait_10_minute_for_check-in.",No
2026-02-07 22:49:06,3,134,have_evident_customer_wait_10_minute_for_check-in,easy_self_check-in,"Is phrase B contrary to phrase A? Answer exactly 'Yes' or 'No' only.
No explanations.

[Question] Phrase B is easy_self_check-in. Phrase A is have_evident_customer_wait_10_minute_for_check-in.",Yes
2026-02-07 22:49:07,3,135,have_evident_customer_wait_10_minute_for_check-in,quick_check-in,"Is phrase B contrary to phrase A? Answer exactly 'Yes' or 'No' only.
No explanations.

[Question] Phrase B is quick_check-in. Phrase A is have_evident_customer_wait_10_minute_for_check-in.",Yes
2026-02-07 22:49:08,3,136,have_evident_customer_wait_10_minute_for_check-in,easy_check-in_at_3am,"Is phrase B contrary to phrase A? Answer exactly 'Yes' or 'No' only.
No explanations.

[Question] Phrase B is easy_check-in_at_3am. Phrase A is have_evident_customer_wait_10_minute_for_check-in.",No
2026-02-07 22:49:09,3,137,have_evident_customer_wait_10_minute_for_check-in,staff_accommodated_arrival_at_3am,"Is phrase B contrary to phrase A? Answer exactly 'Yes' or 'No' only.
No explanations.

[Question] Phrase B is staff_accommodated_arrival_at_3am. Phrase A is have_evident_customer_wait_10_minute_for_check-in.",No
2026-02-07 22:49:10,3,138,have_evident_customer_wait_10_minute_for_check-in,clear_instruction,"Is phrase B contrary to phrase A? Answer exactly 'Yes' or 'No' only.
No explanations.

[Question] Phrase B is clear_instruction. Phrase A is have_evident_customer_wait_10_minute_for_check-in.",No
2026-02-07 22:49:11,3,139,have_evident_customer_wait_10_minute_for_check-in,late_chek-in_at_1am_worked_well,"Is phrase B contrary to phrase A? Answer exactly 'Yes' or 'No' only.
No explanations.

[Question] Phrase B is late_chek-in_at_1am_worked_well. Phrase A is have_evident_customer_wait_10_minute_for_check-in.",No
2026-02-07 22:49:12,3,140,have_evident_customer_wait_10_minute_for_check-in,hotel_make_sure_to_check-in_at_late_night,"Is phrase B contrary to phrase A? Answer exactly 'Yes' or 'No' only.
No explanations.

[Question] Phrase B is hotel_make_sure_to_check-in_at_late_night. Phrase A is have_evident_customer_wait_10_minute_for_check-in.",No
2026-02-07 22:49:13,3,141,have_evident_customer_wait_10_minute_for_check-in,excellent communication_on_late_check-in_process,"Is phrase B contrary to phrase A? Answer exactly 'Yes' or 'No' only.
No explanations.

[Question] Phrase B is excellent communication_on_late_check-in_process. Phrase A is have_evident_customer_wait_10_minute_for_check-in.",No
2026-02-07 22:49:14,3,142,have_evident_customer_wait_10_minute_for_check-in,staff_aware_late_arraival,"Is phrase B contrary to phrase A? Answer exactly 'Yes' or 'No' only.
No explanations.

[Question] Phrase B is staff_aware_late_arraival. Phrase A is have_evident_customer_wait_10_minute_for_check-in.",No
2026-02-07 22:49:15,3,143,have_evident_customer_wait_10_minute_for_check-in,staff_make_late_check-in_simple,"Is phrase B contrary to phrase A? Answer exactly 'Yes' or 'No' only.
No explanations.

[Question] Phrase B is staff_make_late_check-in_simple. Phrase A is have_evident_customer_wait_10_minute_for_check-in.",No
2026-02-07 22:49:16,3,144,have_evident_customer_wait_10_minute_for_check-in,got_self_check-in_instruction_on_late_arrival,"Is phrase B contrary to phrase A? Answer exactly 'Yes' or 'No' only.
No explanations.

[Question] Phrase B is got_self_check-in_instruction_on_late_arrival. Phrase A is have_evident_customer_wait_10_minute_for_check-in.",No
2026-02-07 22:49:16,3,145,have_evident_customer_wait_10_minute_for_check-in,staff_allow_early_check-in_in_morning,"Is phrase B contrary to phrase A? Answer exactly 'Yes' or 'No' only.
No explanations.

[Question] Phrase B is staff_allow_early_check-in_in_morning. Phrase A is have_evident_customer_wait_10_minute_for_check-in.",No
2026-02-07 22:49:18,3,146,have_evident_customer_wait_10_minute_for_check-in,late_night_arrival_no_problem,"Is phrase B contrary to phrase A? Answer exactly 'Yes' or 'No' only.
No explanations.

[Question] Phrase B is late_night_arrival_no_problem. Phrase A is have_evident_customer_wait_10_minute_for_check-in.",No
2026-02-07 22:49:19,3,147,have_evident_customer_wait_10_minute_for_check-in,fast_check-in,"Is phrase B contrary to phrase A? Answer exactly 'Yes' or 'No' only.
No explanations.

[Question] Phrase B is fast_check-in. Phrase A is have_evident_customer_wait_10_minute_for_check-in.",Yes
2026-02-07 22:49:20,3,148,have_evident_customer_wait_10_minute_for_check-in,quick_check-in_at_night,"Is phrase B contrary to phrase A? Answer exactly 'Yes' or 'No' only.
No explanations.

[Question] Phrase B is quick_check-in_at_night. Phrase A is have_evident_customer_wait_10_minute_for_check-in.",Yes
2026-02-07 22:49:21,3,149,have_evident_customer_wait_10_minute_for_check-in,room_ready_to_check-in_by_12,"Is phrase B contrary to phrase A? Answer exactly 'Yes' or 'No' only.
No explanations.

[Question] Phrase B is room_ready_to_check-in_by_12. Phrase A is have_evident_customer_wait_10_minute_for_check-in.",No
2026-02-07 22:49:22,3,150,have_evident_customer_wait_10_minute_for_check-in,clear_check-in_direction_at_late_night,"Is phrase B contrary to phrase A? Answer exactly 'Yes' or 'No' only.
No explanations.

[Question] Phrase B is clear_check-in_direction_at_late_night. Phrase A is have_evident_customer_wait_10_minute_for_check-in.",No
2026-02-07 22:49:23,3,151,have_evident_customer_wait_10_minute_for_check-in,easy_check-in_direction_at_late_night,"Is phrase B contrary to phrase A? Answer exactly 'Yes' or 'No' only.
No explanations.

[Question] Phrase B is easy_check-in_direction_at_late_night. Phrase A is have_evident_customer_wait_10_minute_for_check-in.",Yes
2026-02-07 22:49:24,3,152,have_evident_customer_wait_10_minute_for_check-in,can_move_in_early,"Is phrase B contrary to phrase A? Answer exactly 'Yes' or 'No' only.
No explanations.

[Question] Phrase B is can_move_in_early. Phrase A is have_evident_customer_wait_10_minute_for_check-in.",No
2026-02-07 22:49:25,3,153,have_evident_customer_wait_10_minute_for_check-in,no_problem_self_check-in_at_middle_night,"Is phrase B contrary to phrase A? Answer exactly 'Yes' or 'No' only.
No explanations.

[Question] Phrase B is no_problem_self_check-in_at_middle_night. Phrase A is have_evident_customer_wait_10_minute_for_check-in.",Yes
2026-02-07 22:49:26,3,154,have_evident_customer_wait_10_minute_for_check-in,no_problem_check-in_after_12_at_night,"Is phrase B contrary to phrase A? Answer exactly 'Yes' or 'No' only.
No explanations.

[Question] Phrase B is no_problem_check-in_after_12_at_night. Phrase A is have_evident_customer_wait_10_minute_for_check-in.",No
2026-02-07 22:49:26,3,155,have_evident_customer_wait_10_minute_for_check-in,staff_help_check-in_after_midnight,"Is phrase B contrary to phrase A? Answer exactly 'Yes' or 'No' only.
No explanations.

[Question] Phrase B is staff_help_check-in_after_midnight. Phrase A is have_evident_customer_wait_10_minute_for_check-in.",No
2026-02-07 22:49:27,3,156,have_evident_customer_wait_10_minute_for_check-in,easy_self_check-in_at_night,"Is phrase B contrary to phrase A? Answer exactly 'Yes' or 'No' only.
No explanations.

[Question] Phrase B is easy_self_check-in_at_night. Phrase A is have_evident_customer_wait_10_minute_for_check-in.",Yes
2026-02-07 22:49:28,3,157,have_evident_customer_wait_10_minute_for_check-in,staff_left_clear_information_for_arrival,"Is phrase B contrary to phrase A? Answer exactly 'Yes' or 'No' only.
No explanations.

[Question] Phrase B is staff_left_clear_information_for_arrival. Phrase A is have_evident_customer_wait_10_minute_for_check-in.",No
2026-02-07 22:49:29,3,158,have_evident_customer_wait_10_minute_for_check-in,staff_left_precise_information_for_arrival,"Is phrase B contrary to phrase A? Answer exactly 'Yes' or 'No' only.
No explanations.

[Question] Phrase B is staff_left_precise_information_for_arrival. Phrase A is have_evident_customer_wait_10_minute_for_check-in.",No
2026-02-07 22:49:30,3,159,have_evident_customer_wait_10_minute_for_check-in,staff_send_photo_for_arrival,"Is phrase B contrary to phrase A? Answer exactly 'Yes' or 'No' only.
No explanations.

[Question] Phrase B is staff_send_photo_for_arrival. Phrase A is have_evident_customer_wait_10_minute_for_check-in.",No
2026-02-07 22:49:31,3,160,have_evident_customer_wait_10_minute_for_check-in,staff_take_care_late_check-in,"Is phrase B contrary to phrase A? Answer exactly 'Yes' or 'No' only.
No explanations.

[Question] Phrase B is staff_take_care_late_check-in. Phrase A is have_evident_customer_wait_10_minute_for_check-in.",No
2026-02-07 22:49:32,3,161,have_evident_customer_wait_10_minute_for_check-in,fluid_check-in,"Is phrase B contrary to phrase A? Answer exactly 'Yes' or 'No' only.
No explanations.

[Question] Phrase B is fluid_check-in. Phrase A is have_evident_customer_wait_10_minute_for_check-in.",Yes
2026-02-07 22:49:33,3,162,have_evident_customer_wait_10_minute_for_check-in,staff_wait_for_check-in_at_3am,"Is phrase B contrary to phrase A? Answer exactly 'Yes' or 'No' only.
No explanations.

[Question] Phrase B is staff_wait_for_check-in_at_3am. Phrase A is have_evident_customer_wait_10_minute_for_check-in.",No
2026-02-07 22:49:34,3,163,have_evident_customer_wait_10_minute_for_check-in,staff_give_early_check-in,"Is phrase B contrary to phrase A? Answer exactly 'Yes' or 'No' only.
No explanations.

[Question] Phrase B is staff_give_early_check-in. Phrase A is have_evident_customer_wait_10_minute_for_check-in.",Yes
2026-02-07 22:49:35,3,164,have_evident_customer_wait_10_minute_for_check-in,late_arrival_no_extra_cost,"Is phrase B contrary to phrase A? Answer exactly 'Yes' or 'No' only.
No explanations.

[Question] Phrase B is late_arrival_no_extra_cost. Phrase A is have_evident_customer_wait_10_minute_for_check-in.",No
2026-02-07 22:49:35,3,165,have_evident_customer_wait_10_minute_for_check-in,hotel_allow_late_arrival,"Is phrase B contrary to phrase A? Answer exactly 'Yes' or 'No' only.
No explanations.

[Question] Phrase B is hotel_allow_late_arrival. Phrase A is have_evident_customer_wait_10_minute_for_check-in.",No
2026-02-07 22:49:36,3,166,have_evident_customer_wait_10_minute_for_check-in,perfect_welcome_at_4am_arrival,"Is phrase B contrary to phrase A? Answer exactly 'Yes' or 'No' only.
No explanations.

[Question] Phrase B is perfect_welcome_at_4am_arrival. Phrase A is have_evident_customer_wait_10_minute_for_check-in.",No
2026-02-07 22:49:37,3,167,have_evident_customer_wait_10_minute_for_check-in,perfect_welcome_at_1:30am_in_morning,"Is phrase B contrary to phrase A? Answer exactly 'Yes' or 'No' only.
No explanations.

[Question] Phrase B is perfect_welcome_at_1:30am_in_morning. Phrase A is have_evident_customer_wait_10_minute_for_check-in.",No
2026-02-07 22:49:38,3,168,have_evident_customer_wait_10_minute_for_check-in,can_check-in_at_4am,"Is phrase B contrary to phrase A? Answer exactly 'Yes' or 'No' only.
No explanations.

[Question] Phrase B is can_check-in_at_4am. Phrase A is have_evident_customer_wait_10_minute_for_check-in.",No
2026-02-07 22:49:39,3,169,have_evident_staff_misunderstand_on_payment,easy_check-in,"Is phrase B contrary to phrase A? Answer exactly 'Yes' or 'No' only.
No explanations.

[Question] Phrase B is easy_check-in. Phrase A is have_evident_staff_misunderstand_on_payment.",No
2026-02-07 22:49:40,3,170,have_evident_staff_misunderstand_on_payment,clear_instruction_to_access_room,"Is phrase B contrary to phrase A? Answer exactly 'Yes' or 'No' only.
No explanations.

[Question] Phrase B is clear_instruction_to_access_room. Phrase A is have_evident_staff_misunderstand_on_payment.",No
2026-02-07 22:49:41,3,171,have_evident_staff_misunderstand_on_payment,clear_instruction_to_enter_hotel,"Is phrase B contrary to phrase A? Answer exactly 'Yes' or 'No' only.
No explanations.

[Question] Phrase B is clear_instruction_to_enter_hotel. Phrase A is have_evident_staff_misunderstand_on_payment.",No
2026-02-07 22:49:42,3,172,have_evident_staff_misunderstand_on_payment,sent_instruction_in_advance,"Is phrase B contrary to phrase A? Answer exactly 'Yes' or 'No' only.
No explanations.

[Question] Phrase B is sent_instruction_in_advance. Phrase A is have_evident_staff_misunderstand_on_payment.",No
2026-02-07 22:49:43,3,173,have_evident_staff_misunderstand_on_payment,perfect_instruction,"Is phrase B contrary to phrase A? Answer exactly 'Yes' or 'No' only.
No explanations.

[Question] Phrase B is perfect_instruction. Phrase A is have_evident_staff_misunderstand_on_payment.",No
2026-02-07 22:49:44,3,174,have_evident_staff_misunderstand_on_payment,easy_late_night_check-in,"Is phrase B contrary to phrase A? Answer exactly 'Yes' or 'No' only.
No explanations.

[Question] Phrase B is easy_late_night_check-in. Phrase A is have_evident_staff_misunderstand_on_payment.",No
2026-02-07 22:49:45,3,175,have_evident_staff_misunderstand_on_payment,comfortable_late_night_check-in,"Is phrase B contrary to phrase A? Answer exactly 'Yes' or 'No' only.
No explanations.

[Question] Phrase B is comfortable_late_night_check-in. Phrase A is have_evident_staff_misunderstand_on_payment.",No
2026-02-07 22:49:46,3,176,have_evident_staff_misunderstand_on_payment,easy_self_check-in,"Is phrase B contrary to phrase A? Answer exactly 'Yes' or 'No' only.
No explanations.

[Question] Phrase B is easy_self_check-in. Phrase A is have_evident_staff_misunderstand_on_payment.",No
2026-02-07 22:49:47,3,177,have_evident_staff_misunderstand_on_payment,quick_check-in,"Is phrase B contrary to phrase A? Answer exactly 'Yes' or 'No' only.
No explanations.

[Question] Phrase B is quick_check-in. Phrase A is have_evident_staff_misunderstand_on_payment.",No
2026-02-07 22:49:48,3,178,have_evident_staff_misunderstand_on_payment,easy_check-in_at_3am,"Is phrase B contrary to phrase A? Answer exactly 'Yes' or 'No' only.
No explanations.

[Question] Phrase B is easy_check-in_at_3am. Phrase A is have_evident_staff_misunderstand_on_payment.",No
2026-02-07 22:49:49,3,179,have_evident_staff_misunderstand_on_payment,staff_accommodated_arrival_at_3am,"Is phrase B contrary to phrase A? Answer exactly 'Yes' or 'No' only.
No explanations.

[Question] Phrase B is staff_accommodated_arrival_at_3am. Phrase A is have_evident_staff_misunderstand_on_payment.",No
2026-02-07 22:49:50,3,180,have_evident_staff_misunderstand_on_payment,clear_instruction,"Is phrase B contrary to phrase A? Answer exactly 'Yes' or 'No' only.
No explanations.

[Question] Phrase B is clear_instruction. Phrase A is have_evident_staff_misunderstand_on_payment.",No
2026-02-07 22:49:50,3,181,have_evident_staff_misunderstand_on_payment,late_chek-in_at_1am_worked_well,"Is phrase B contrary to phrase A? Answer exactly 'Yes' or 'No' only.
No explanations.

[Question] Phrase B is late_chek-in_at_1am_worked_well. Phrase A is have_evident_staff_misunderstand_on_payment.",No
2026-02-07 22:49:51,3,182,have_evident_staff_misunderstand_on_payment,hotel_make_sure_to_check-in_at_late_night,"Is phrase B contrary to phrase A? Answer exactly 'Yes' or 'No' only.
No explanations.

[Question] Phrase B is hotel_make_sure_to_check-in_at_late_night. Phrase A is have_evident_staff_misunderstand_on_payment.",No
2026-02-07 22:49:54,3,183,have_evident_staff_misunderstand_on_payment,excellent communication_on_late_check-in_process,"Is phrase B contrary to phrase A? Answer exactly 'Yes' or 'No' only.
No explanations.

[Question] Phrase B is excellent communication_on_late_check-in_process. Phrase A is have_evident_staff_misunderstand_on_payment.",No
2026-02-07 22:49:55,3,184,have_evident_staff_misunderstand_on_payment,staff_aware_late_arraival,"Is phrase B contrary to phrase A? Answer exactly 'Yes' or 'No' only.
No explanations.

[Question] Phrase B is staff_aware_late_arraival. Phrase A is have_evident_staff_misunderstand_on_payment.",No
2026-02-07 22:49:55,3,185,have_evident_staff_misunderstand_on_payment,staff_make_late_check-in_simple,"Is phrase B contrary to phrase A? Answer exactly 'Yes' or 'No' only.
No explanations.

[Question] Phrase B is staff_make_late_check-in_simple. Phrase A is have_evident_staff_misunderstand_on_payment.",No
2026-02-07 22:49:56,3,186,have_evident_staff_misunderstand_on_payment,got_self_check-in_instruction_on_late_arrival,"Is phrase B contrary to phrase A? Answer exactly 'Yes' or 'No' only.
No explanations.

[Question] Phrase B is got_self_check-in_instruction_on_late_arrival. Phrase A is have_evident_staff_misunderstand_on_payment.",No
2026-02-07 22:49:57,3,187,have_evident_staff_misunderstand_on_payment,staff_allow_early_check-in_in_morning,"Is phrase B contrary to phrase A? Answer exactly 'Yes' or 'No' only.
No explanations.

[Question] Phrase B is staff_allow_early_check-in_in_morning. Phrase A is have_evident_staff_misunderstand_on_payment.",No
2026-02-07 22:49:58,3,188,have_evident_staff_misunderstand_on_payment,late_night_arrival_no_problem,"Is phrase B contrary to phrase A? Answer exactly 'Yes' or 'No' only.
No explanations.

[Question] Phrase B is late_night_arrival_no_problem. Phrase A is have_evident_staff_misunderstand_on_payment.",No
2026-02-07 22:49:59,3,189,have_evident_staff_misunderstand_on_payment,fast_check-in,"Is phrase B contrary to phrase A? Answer exactly 'Yes' or 'No' only.
No explanations.

[Question] Phrase B is fast_check-in. Phrase A is have_evident_staff_misunderstand_on_payment.",No
2026-02-07 22:50:00,3,190,have_evident_staff_misunderstand_on_payment,quick_check-in_at_night,"Is phrase B contrary to phrase A? Answer exactly 'Yes' or 'No' only.
No explanations.

[Question] Phrase B is quick_check-in_at_night. Phrase A is have_evident_staff_misunderstand_on_payment.",No
2026-02-07 22:50:02,3,191,have_evident_staff_misunderstand_on_payment,room_ready_to_check-in_by_12,"Is phrase B contrary to phrase A? Answer exactly 'Yes' or 'No' only.
No explanations.

[Question] Phrase B is room_ready_to_check-in_by_12. Phrase A is have_evident_staff_misunderstand_on_payment.",No
2026-02-07 22:50:03,3,192,have_evident_staff_misunderstand_on_payment,clear_check-in_direction_at_late_night,"Is phrase B contrary to phrase A? Answer exactly 'Yes' or 'No' only.
No explanations.

[Question] Phrase B is clear_check-in_direction_at_late_night. Phrase A is have_evident_staff_misunderstand_on_payment.",No
2026-02-07 22:50:04,3,193,have_evident_staff_misunderstand_on_payment,easy_check-in_direction_at_late_night,"Is phrase B contrary to phrase A? Answer exactly 'Yes' or 'No' only.
No explanations.

[Question] Phrase B is easy_check-in_direction_at_late_night. Phrase A is have_evident_staff_misunderstand_on_payment.",No
2026-02-07 22:50:05,3,194,have_evident_staff_misunderstand_on_payment,can_move_in_early,"Is phrase B contrary to phrase A? Answer exactly 'Yes' or 'No' only.
No explanations.

[Question] Phrase B is can_move_in_early. Phrase A is have_evident_staff_misunderstand_on_payment.",No
2026-02-07 22:50:05,3,195,have_evident_staff_misunderstand_on_payment,no_problem_self_check-in_at_middle_night,"Is phrase B contrary to phrase A? Answer exactly 'Yes' or 'No' only.
No explanations.

[Question] Phrase B is no_problem_self_check-in_at_middle_night. Phrase A is have_evident_staff_misunderstand_on_payment.",No
2026-02-07 22:50:07,3,196,have_evident_staff_misunderstand_on_payment,no_problem_check-in_after_12_at_night,"Is phrase B contrary to phrase A? Answer exactly 'Yes' or 'No' only.
No explanations.

[Question] Phrase B is no_problem_check-in_after_12_at_night. Phrase A is have_evident_staff_misunderstand_on_payment.",No
2026-02-07 22:50:08,3,197,have_evident_staff_misunderstand_on_payment,staff_help_check-in_after_midnight,"Is phrase B contrary to phrase A? Answer exactly 'Yes' or 'No' only.
No explanations.

[Question] Phrase B is staff_help_check-in_after_midnight. Phrase A is have_evident_staff_misunderstand_on_payment.",No
2026-02-07 22:50:08,3,198,have_evident_staff_misunderstand_on_payment,easy_self_check-in_at_night,"Is phrase B contrary to phrase A? Answer exactly 'Yes' or 'No' only.
No explanations.

[Question] Phrase B is easy_self_check-in_at_night. Phrase A is have_evident_staff_misunderstand_on_payment.",No
2026-02-07 22:50:09,3,199,have_evident_staff_misunderstand_on_payment,staff_left_clear_information_for_arrival,"Is phrase B contrary to phrase A? Answer exactly 'Yes' or 'No' only.
No explanations.

[Question] Phrase B is staff_left_clear_information_for_arrival. Phrase A is have_evident_staff_misunderstand_on_payment.",No
2026-02-07 22:50:10,3,200,have_evident_staff_misunderstand_on_payment,staff_left_precise_information_for_arrival,"Is phrase B contrary to phrase A? Answer exactly 'Yes' or 'No' only.
No explanations.

[Question] Phrase B is staff_left_precise_information_for_arrival. Phrase A is have_evident_staff_misunderstand_on_payment.",No
2026-02-07 22:50:11,3,201,have_evident_staff_misunderstand_on_payment,staff_send_photo_for_arrival,"Is phrase B contrary to phrase A? Answer exactly 'Yes' or 'No' only.
No explanations.

[Question] Phrase B is staff_send_photo_for_arrival. Phrase A is have_evident_staff_misunderstand_on_payment.",No
2026-02-07 22:50:12,3,202,have_evident_staff_misunderstand_on_payment,staff_take_care_late_check-in,"Is phrase B contrary to phrase A? Answer exactly 'Yes' or 'No' only.
No explanations.

[Question] Phrase B is staff_take_care_late_check-in. Phrase A is have_evident_staff_misunderstand_on_payment.",No
2026-02-07 22:50:13,3,203,have_evident_staff_misunderstand_on_payment,fluid_check-in,"Is phrase B contrary to phrase A? Answer exactly 'Yes' or 'No' only.
No explanations.

[Question] Phrase B is fluid_check-in. Phrase A is have_evident_staff_misunderstand_on_payment.",No
2026-02-07 22:50:14,3,204,have_evident_staff_misunderstand_on_payment,staff_wait_for_check-in_at_3am,"Is phrase B contrary to phrase A? Answer exactly 'Yes' or 'No' only.
No explanations.

[Question] Phrase B is staff_wait_for_check-in_at_3am. Phrase A is have_evident_staff_misunderstand_on_payment.",No
2026-02-07 22:50:15,3,205,have_evident_staff_misunderstand_on_payment,staff_give_early_check-in,"Is phrase B contrary to phrase A? Answer exactly 'Yes' or 'No' only.
No explanations.

[Question] Phrase B is staff_give_early_check-in. Phrase A is have_evident_staff_misunderstand_on_payment.",No
2026-02-07 22:50:16,3,206,have_evident_staff_misunderstand_on_payment,late_arrival_no_extra_cost,"Is phrase B contrary to phrase A? Answer exactly 'Yes' or 'No' only.
No explanations.

[Question] Phrase B is late_arrival_no_extra_cost. Phrase A is have_evident_staff_misunderstand_on_payment.",No
2026-02-07 22:50:17,3,207,have_evident_staff_misunderstand_on_payment,hotel_allow_late_arrival,"Is phrase B contrary to phrase A? Answer exactly 'Yes' or 'No' only.
No explanations.

[Question] Phrase B is hotel_allow_late_arrival. Phrase A is have_evident_staff_misunderstand_on_payment.",No
2026-02-07 22:50:18,3,208,have_evident_staff_misunderstand_on_payment,perfect_welcome_at_4am_arrival,"Is phrase B contrary to phrase A? Answer exactly 'Yes' or 'No' only.
No explanations.

[Question] Phrase B is perfect_welcome_at_4am_arrival. Phrase A is have_evident_staff_misunderstand_on_payment.",No
2026-02-07 22:50:19,3,209,have_evident_staff_misunderstand_on_payment,perfect_welcome_at_1:30am_in_morning,"Is phrase B contrary to phrase A? Answer exactly 'Yes' or 'No' only.
No explanations.

[Question] Phrase B is perfect_welcome_at_1:30am_in_morning. Phrase A is have_evident_staff_misunderstand_on_payment.",No
2026-02-07 22:50:20,3,210,have_evident_staff_misunderstand_on_payment,can_check-in_at_4am,"Is phrase B contrary to phrase A? Answer exactly 'Yes' or 'No' only.
No explanations.

[Question] Phrase B is can_check-in_at_4am. Phrase A is have_evident_staff_misunderstand_on_payment.",No
2026-02-07 22:50:20,3,211,have_evident_staff_take_picture_of_passport,easy_check-in,"Is phrase B contrary to phrase A? Answer exactly 'Yes' or 'No' only.
No explanations.

[Question] Phrase B is easy_check-in. Phrase A is have_evident_staff_take_picture_of_passport.",No
2026-02-07 22:50:21,3,212,have_evident_staff_take_picture_of_passport,clear_instruction_to_access_room,"Is phrase B contrary to phrase A? Answer exactly 'Yes' or 'No' only.
No explanations.

[Question] Phrase B is clear_instruction_to_access_room. Phrase A is have_evident_staff_take_picture_of_passport.",No
2026-02-07 22:50:22,3,213,have_evident_staff_take_picture_of_passport,clear_instruction_to_enter_hotel,"Is phrase B contrary to phrase A? Answer exactly 'Yes' or 'No' only.
No explanations.

[Question] Phrase B is clear_instruction_to_enter_hotel. Phrase A is have_evident_staff_take_picture_of_passport.",No
2026-02-07 22:50:23,3,214,have_evident_staff_take_picture_of_passport,sent_instruction_in_advance,"Is phrase B contrary to phrase A? Answer exactly 'Yes' or 'No' only.
No explanations.

[Question] Phrase B is sent_instruction_in_advance. Phrase A is have_evident_staff_take_picture_of_passport.",No
2026-02-07 22:50:24,3,215,have_evident_staff_take_picture_of_passport,perfect_instruction,"Is phrase B contrary to phrase A? Answer exactly 'Yes' or 'No' only.
No explanations.

[Question] Phrase B is perfect_instruction. Phrase A is have_evident_staff_take_picture_of_passport.",No
2026-02-07 22:50:25,3,216,have_evident_staff_take_picture_of_passport,easy_late_night_check-in,"Is phrase B contrary to phrase A? Answer exactly 'Yes' or 'No' only.
No explanations.

[Question] Phrase B is easy_late_night_check-in. Phrase A is have_evident_staff_take_picture_of_passport.",No
2026-02-07 22:50:26,3,217,have_evident_staff_take_picture_of_passport,comfortable_late_night_check-in,"Is phrase B contrary to phrase A? Answer exactly 'Yes' or 'No' only.
No explanations.

[Question] Phrase B is comfortable_late_night_check-in. Phrase A is have_evident_staff_take_picture_of_passport.",No
2026-02-07 22:50:27,3,218,have_evident_staff_take_picture_of_passport,easy_self_check-in,"Is phrase B contrary to phrase A? Answer exactly 'Yes' or 'No' only.
No explanations.

[Question] Phrase B is easy_self_check-in. Phrase A is have_evident_staff_take_picture_of_passport.",Yes
2026-02-07 22:50:28,3,219,have_evident_staff_take_picture_of_passport,quick_check-in,"Is phrase B contrary to phrase A? Answer exactly 'Yes' or 'No' only.
No explanations.

[Question] Phrase B is quick_check-in. Phrase A is have_evident_staff_take_picture_of_passport.",No
2026-02-07 22:50:29,3,220,have_evident_staff_take_picture_of_passport,easy_check-in_at_3am,"Is phrase B contrary to phrase A? Answer exactly 'Yes' or 'No' only.
No explanations.

[Question] Phrase B is easy_check-in_at_3am. Phrase A is have_evident_staff_take_picture_of_passport.",No
2026-02-07 22:50:30,3,221,have_evident_staff_take_picture_of_passport,staff_accommodated_arrival_at_3am,"Is phrase B contrary to phrase A? Answer exactly 'Yes' or 'No' only.
No explanations.

[Question] Phrase B is staff_accommodated_arrival_at_3am. Phrase A is have_evident_staff_take_picture_of_passport.",No
2026-02-07 22:50:31,3,222,have_evident_staff_take_picture_of_passport,clear_instruction,"Is phrase B contrary to phrase A? Answer exactly 'Yes' or 'No' only.
No explanations.

[Question] Phrase B is clear_instruction. Phrase A is have_evident_staff_take_picture_of_passport.",No
2026-02-07 22:50:32,3,223,have_evident_staff_take_picture_of_passport,late_chek-in_at_1am_worked_well,"Is phrase B contrary to phrase A? Answer exactly 'Yes' or 'No' only.
No explanations.

[Question] Phrase B is late_chek-in_at_1am_worked_well. Phrase A is have_evident_staff_take_picture_of_passport.",No
2026-02-07 22:50:33,3,224,have_evident_staff_take_picture_of_passport,hotel_make_sure_to_check-in_at_late_night,"Is phrase B contrary to phrase A? Answer exactly 'Yes' or 'No' only.
No explanations.

[Question] Phrase B is hotel_make_sure_to_check-in_at_late_night. Phrase A is have_evident_staff_take_picture_of_passport.",No
2026-02-07 22:50:33,3,225,have_evident_staff_take_picture_of_passport,excellent communication_on_late_check-in_process,"Is phrase B contrary to phrase A? Answer exactly 'Yes' or 'No' only.
No explanations.

[Question] Phrase B is excellent communication_on_late_check-in_process. Phrase A is have_evident_staff_take_picture_of_passport.",No
2026-02-07 22:50:34,3,226,have_evident_staff_take_picture_of_passport,staff_aware_late_arraival,"Is phrase B contrary to phrase A? Answer exactly 'Yes' or 'No' only.
No explanations.

[Question] Phrase B is staff_aware_late_arraival. Phrase A is have_evident_staff_take_picture_of_passport.",No
2026-02-07 22:50:35,3,227,have_evident_staff_take_picture_of_passport,staff_make_late_check-in_simple,"Is phrase B contrary to phrase A? Answer exactly 'Yes' or 'No' only.
No explanations.

[Question] Phrase B is staff_make_late_check-in_simple. Phrase A is have_evident_staff_take_picture_of_passport.",No
2026-02-07 22:50:36,3,228,have_evident_staff_take_picture_of_passport,got_self_check-in_instruction_on_late_arrival,"Is phrase B contrary to phrase A? Answer exactly 'Yes' or 'No' only.
No explanations.

[Question] Phrase B is got_self_check-in_instruction_on_late_arrival. Phrase A is have_evident_staff_take_picture_of_passport.",No
2026-02-07 22:50:37,3,229,have_evident_staff_take_picture_of_passport,staff_allow_early_check-in_in_morning,"Is phrase B contrary to phrase A? Answer exactly 'Yes' or 'No' only.
No explanations.

[Question] Phrase B is staff_allow_early_check-in_in_morning. Phrase A is have_evident_staff_take_picture_of_passport.",No
2026-02-07 22:50:38,3,230,have_evident_staff_take_picture_of_passport,late_night_arrival_no_problem,"Is phrase B contrary to phrase A? Answer exactly 'Yes' or 'No' only.
No explanations.

[Question] Phrase B is late_night_arrival_no_problem. Phrase A is have_evident_staff_take_picture_of_passport.",No
2026-02-07 22:50:39,3,231,have_evident_staff_take_picture_of_passport,fast_check-in,"Is phrase B contrary to phrase A? Answer exactly 'Yes' or 'No' only.
No explanations.

[Question] Phrase B is fast_check-in. Phrase A is have_evident_staff_take_picture_of_passport.",No
2026-02-07 22:50:40,3,232,have_evident_staff_take_picture_of_passport,quick_check-in_at_night,"Is phrase B contrary to phrase A? Answer exactly 'Yes' or 'No' only.
No explanations.

[Question] Phrase B is quick_check-in_at_night. Phrase A is have_evident_staff_take_picture_of_passport.",No
2026-02-07 22:50:41,3,233,have_evident_staff_take_picture_of_passport,room_ready_to_check-in_by_12,"Is phrase B contrary to phrase A? Answer exactly 'Yes' or 'No' only.
No explanations.

[Question] Phrase B is room_ready_to_check-in_by_12. Phrase A is have_evident_staff_take_picture_of_passport.",No
2026-02-07 22:50:41,3,234,have_evident_staff_take_picture_of_passport,clear_check-in_direction_at_late_night,"Is phrase B contrary to phrase A? Answer exactly 'Yes' or 'No' only.
No explanations.

[Question] Phrase B is clear_check-in_direction_at_late_night. Phrase A is have_evident_staff_take_picture_of_passport.",No
2026-02-07 22:50:42,3,235,have_evident_staff_take_picture_of_passport,easy_check-in_direction_at_late_night,"Is phrase B contrary to phrase A? Answer exactly 'Yes' or 'No' only.
No explanations.

[Question] Phrase B is easy_check-in_direction_at_late_night. Phrase A is have_evident_staff_take_picture_of_passport.",No
2026-02-07 22:50:43,3,236,have_evident_staff_take_picture_of_passport,can_move_in_early,"Is phrase B contrary to phrase A? Answer exactly 'Yes' or 'No' only.
No explanations.

[Question] Phrase B is can_move_in_early. Phrase A is have_evident_staff_take_picture_of_passport.",No
2026-02-07 22:50:44,3,237,have_evident_staff_take_picture_of_passport,no_problem_self_check-in_at_middle_night,"Is phrase B contrary to phrase A? Answer exactly 'Yes' or 'No' only.
No explanations.

[Question] Phrase B is no_problem_self_check-in_at_middle_night. Phrase A is have_evident_staff_take_picture_of_passport.",No
2026-02-07 22:50:45,3,238,have_evident_staff_take_picture_of_passport,no_problem_check-in_after_12_at_night,"Is phrase B contrary to phrase A? Answer exactly 'Yes' or 'No' only.
No explanations.

[Question] Phrase B is no_problem_check-in_after_12_at_night. Phrase A is have_evident_staff_take_picture_of_passport.",No
2026-02-07 22:50:46,3,239,have_evident_staff_take_picture_of_passport,staff_help_check-in_after_midnight,"Is phrase B contrary to phrase A? Answer exactly 'Yes' or 'No' only.
No explanations.

[Question] Phrase B is staff_help_check-in_after_midnight. Phrase A is have_evident_staff_take_picture_of_passport.",No
2026-02-07 22:50:47,3,240,have_evident_staff_take_picture_of_passport,easy_self_check-in_at_night,"Is phrase B contrary to phrase A? Answer exactly 'Yes' or 'No' only.
No explanations.

[Question] Phrase B is easy_self_check-in_at_night. Phrase A is have_evident_staff_take_picture_of_passport.",Yes
2026-02-07 22:50:48,3,241,have_evident_staff_take_picture_of_passport,staff_left_clear_information_for_arrival,"Is phrase B contrary to phrase A? Answer exactly 'Yes' or 'No' only.
No explanations.

[Question] Phrase B is staff_left_clear_information_for_arrival. Phrase A is have_evident_staff_take_picture_of_passport.",No
2026-02-07 22:50:49,3,242,have_evident_staff_take_picture_of_passport,staff_left_precise_information_for_arrival,"Is phrase B contrary to phrase A? Answer exactly 'Yes' or 'No' only.
No explanations.

[Question] Phrase B is staff_left_precise_information_for_arrival. Phrase A is have_evident_staff_take_picture_of_passport.",No
2026-02-07 22:50:50,3,243,have_evident_staff_take_picture_of_passport,staff_send_photo_for_arrival,"Is phrase B contrary to phrase A? Answer exactly 'Yes' or 'No' only.
No explanations.

[Question] Phrase B is staff_send_photo_for_arrival. Phrase A is have_evident_staff_take_picture_of_passport.",No
2026-02-07 22:50:51,3,244,have_evident_staff_take_picture_of_passport,staff_take_care_late_check-in,"Is phrase B contrary to phrase A? Answer exactly 'Yes' or 'No' only.
No explanations.

[Question] Phrase B is staff_take_care_late_check-in. Phrase A is have_evident_staff_take_picture_of_passport.",No
2026-02-07 22:50:52,3,245,have_evident_staff_take_picture_of_passport,fluid_check-in,"Is phrase B contrary to phrase A? Answer exactly 'Yes' or 'No' only.
No explanations.

[Question] Phrase B is fluid_check-in. Phrase A is have_evident_staff_take_picture_of_passport.",No
2026-02-07 22:50:53,3,246,have_evident_staff_take_picture_of_passport,staff_wait_for_check-in_at_3am,"Is phrase B contrary to phrase A? Answer exactly 'Yes' or 'No' only.
No explanations.

[Question] Phrase B is staff_wait_for_check-in_at_3am. Phrase A is have_evident_staff_take_picture_of_passport.",No
2026-02-07 22:50:54,3,247,have_evident_staff_take_picture_of_passport,staff_give_early_check-in,"Is phrase B contrary to phrase A? Answer exactly 'Yes' or 'No' only.
No explanations.

[Question] Phrase B is staff_give_early_check-in. Phrase A is have_evident_staff_take_picture_of_passport.",No
2026-02-07 22:50:55,3,248,have_evident_staff_take_picture_of_passport,late_arrival_no_extra_cost,"Is phrase B contrary to phrase A? Answer exactly 'Yes' or 'No' only.
No explanations.

[Question] Phrase B is late_arrival_no_extra_cost. Phrase A is have_evident_staff_take_picture_of_passport.",No
2026-02-07 22:50:56,3,249,have_evident_staff_take_picture_of_passport,hotel_allow_late_arrival,"Is phrase B contrary to phrase A? Answer exactly 'Yes' or 'No' only.
No explanations.

[Question] Phrase B is hotel_allow_late_arrival. Phrase A is have_evident_staff_take_picture_of_passport.",No
2026-02-07 22:50:56,3,250,have_evident_staff_take_picture_of_passport,perfect_welcome_at_4am_arrival,"Is phrase B contrary to phrase A? Answer exactly 'Yes' or 'No' only.
No explanations.

[Question] Phrase B is perfect_welcome_at_4am_arrival. Phrase A is have_evident_staff_take_picture_of_passport.",No
2026-02-07 22:50:57,3,251,have_evident_staff_take_picture_of_passport,perfect_welcome_at_1:30am_in_morning,"Is phrase B contrary to phrase A? Answer exactly 'Yes' or 'No' only.
No explanations.

[Question] Phrase B is perfect_welcome_at_1:30am_in_morning. Phrase A is have_evident_staff_take_picture_of_passport.",No
2026-02-07 22:50:58,3,252,have_evident_staff_take_picture_of_passport,can_check-in_at_4am,"Is phrase B contrary to phrase A? Answer exactly 'Yes' or 'No' only.
No explanations.

[Question] Phrase B is can_check-in_at_4am. Phrase A is have_evident_staff_take_picture_of_passport.",No
